[
  {
    "id": "d7f25908-2c29-4732-b3b1-94b8bcde8664",
    "data": [
      {
        "text": "Deliver to ",
        "userDefined": false
      },
      {
        "text": "address",
        "meta": "@Address",
        "alias": "Address",
        "userDefined": true
      }
    ],
    "isTemplate": false,
    "count": 0,
    "lang": "en",
    "updated": 0
  },
  {
    "id": "0774b315-1ce3-4f8c-8666-13088a66ddf0",
    "data": [
      {
        "text": "Order me a pizza at  ",
        "userDefined": false
      },
      {
        "text": "date-time",
        "meta": "@sys.date-time",
        "alias": "date-time",
        "userDefined": true
      }
    ],
    "isTemplate": false,
    "count": 0,
    "lang": "en",
    "updated": 0
  },
  {
    "id": "a28fa1d4-48ea-4d51-bda6-0f094d499d26",
    "data": [
      {
        "text": "Could you add ",
        "userDefined": false
      },
      {
        "text": "toppings",
        "meta": "@toppings",
        "alias": "toppings",
        "userDefined": true
      },
      {
        "text": " to the pizza",
        "userDefined": false
      }
    ],
    "isTemplate": false,
    "count": 0,
    "lang": "en",
    "updated": 0
  },
  {
    "id": "49d55de4-d505-4009-8f3e-d58656545386",
    "data": [
      {
        "text": "Could you order me small ",
        "userDefined": false
      },
      {
        "text": "size",
        "meta": "@size",
        "alias": "size",
        "userDefined": true
      },
      {
        "text": " pizza",
        "userDefined": false
      }
    ],
    "isTemplate": false,
    "count": 0,
    "lang": "en",
    "updated": 0
  },
  {
    "id": "8182caa7-a3f3-4977-8fde-8c7431a1434e",
    "data": [
      {
        "text": "Order me a pizza to a phone number ",
        "userDefined": false
      },
      {
        "text": "7975789820",
        "meta": "@sys.phone-number",
        "alias": "phone-number",
        "userDefined": true
      },
      {
        "text": " and email id ",
        "userDefined": false
      },
      {
        "text": "sanjanasamaga9141@gmail.com",
        "meta": "@sys.email",
        "alias": "email",
        "userDefined": true
      }
    ],
    "isTemplate": false,
    "count": 0,
    "lang": "en",
    "updated": 0
  },
  {
    "id": "0de057de-e7bd-4df2-a65a-37bde60b7212",
    "data": [
      {
        "text": "Order me a pizza",
        "userDefined": false
      }
    ],
    "isTemplate": false,
    "count": 0,
    "lang": "en",
    "updated": 0
  }
]